{
	"name": "DeadlockLoaders",
	"version": "1.7.4",
	"title": "Deadlock's Compact Loaders",
	"author": "Deadlock989, shanemadden",
	"contact": "",
    "homepage": "https://mods.factorio.com/mod/DeadlockLoaders",
	"dependencies": ["base >= 0.17", "deadlock-beltboxes-loaders", "?deadlock-integrations", "?DeadlockStacking", "?xander-mod", "?boblogistics >= 0.16.22", "?FactorioExtended-Transport", "?FactorioExtended-Plus-Transport"],
	"description": "Migration mod for combined Deadlock's Stacking Beltboxes & Compact Loaders mod, please download required dependency deadlock-beltboxes-loaders and load any older saves at least once with this migration mod still present.",
	"factorio_version": "0.17"
}
