{
	"name": "aai-industry",
	"version": "0.2.4",
	"title": "AAI Industry",
	"author": "Earendel",
	"dependencies": [
		"base >= 0.14.21"
	],
	"description": "The industry part of Advanced Autonomous Industries. Adds motors, powered offshore pumps, burner labs, and more. Alters tech and recipes. Additional features will be added gradually. Other AAI mods are not required. Works with Bobs and Angels.",
	"factorio_version": "0.16",
	"homepage": "https://forums.factorio.com/viewtopic.php?f=94&t=48232"
}
