{
  "name": "angelsbioprocessing",
  "version": "0.5.9",
  "factorio_version": "0.16",
  "title": "Angel's Bio Processing [ALPHA UPDATE]",
  "author": "Arch666Angel",
  "contact": "",
  "homepage": "https://forums.factorio.com/viewforum.php?f=185",
  "description": "Adds ways to recycle and process waste products through biological means and make use of biological processes and farming. [ALPHA UPDATE]",
  "dependencies": [
  "base >= 0.16.0",
  "angelspetrochem >= 0.7.5",
  "angelsrefining >= 0.9.8",
  "angelssmelting >= 0.4.0",
  "? bobenemies >= 0.15.0"
  ]
}
