{
  "name": "ShinyIcons",
  "version": "0.16.19",
  "factorio_version": "0.16",
  "title": "ShinyIcons",
  "author": "Zombiee",
  "dependencies": [ "base >= 0.16.0",
					"boblibrary >= 0.16.1", 
					"? angelspetrochem >= 0.7.1",
					"? angelsrefining >= 0.9.4",
					"? angelssmelting >= 0.4.0",
					"? angelsinfiniteores >= 0.7.3",
					"? angelsaddons-petrotrain >= 0.3.1",
					"? Warehousing >= 0.0.10",
					"? ShinyBobGFX >= 0.15.15",
					"? ShinyAngelGFX >= 0.15.9",
					"? PickerExtended >= 2.7.3",
					"? omnimatter_compression >= 1.0.2",
					"? bobassembly >= 0.15.0", 
					"? bobelectronics >= 0.15.0", 
					"? bobenemies >= 0.15.0", 
					"? boblogistics >= 0.15.0", 
					"? bobmining >= 0.15.0", 
					"? bobmodules >= 0.15.0", 
					"? bobores >= 0.15.0", 
					"? bobplates >= 0.15.0", 
					"? bobpower >= 0.15.0", 
					"? bobtech >= 0.15.0", 
					"? bobwarfare >= 0.15.0", 
					"? bobgreenhouse >= 0.15.0",				
					"? bobrevamp >= 0.15.0",
					"? NuclearRobots >= 0.0.4",
					"? omnimatter >= 1.2.5",
					"? 10xHarder >= 1.1.2",
					"? omnicrystal >= 0.1.17",
					"? upgrade-planner >= 1.2.2",
					"? mini-machines >= 5.0.3",
					"? aai-industry >= 0.1.11"
					
  ],
  "description": "Sort and organize the recipes in the crafting menu so that's it's cleaner. Meant for use with Bob's, also supports Angel's and Omni."
}
