{
    "name": "ScienceOberhaul",
    "version": "0.16.9",
    "title": "Ober3550's Science Overhaul",
    "author": "Ober3550",
    "contact": "www.factorioforums.com",
    "homepage": "",
    "factorio_version": "0.16",
    "dependencies": ["base >= 0.16.0", "boblibrary >= 0.16.0", "bobelectronics >= 0.16.0", "bobplates >= 0.16.0"],
    "description": "This mod overhauls Angel Bobs Science to require more of the amazing processes they provide. Visit the mod page to download the modpack that this mod is a part of. https://www.dropbox.com/s/728epmfuwhery5d/Oberpack_4.0.zip?dl=0"
}