{
    "name": "wormmus-inf-tech",
    "version": "0.2.1",
    "factorio_version": "0.16.0",
    "title": "Infinite Technology Expanded",
    "author": "Wormmus",
    "contact": "Discord [wormmus#9806] or the Mod Portal Page for this mod.",
    "description": "Adds more infinite technology research for Vanilla.  Includes: Bob's Mods.",
    "dependencies":
    [
        "base", "? wormmus-config",
        "? angelsinfiniteores", "? angelsrefining",
        "? bobassembly", "? bobelectronics", "? bobgreenhouse", "? bobinserters", "? boblibrary", "? boblogistics", "? bobmining",
        "? bobmodules", "? bobores", "? bobplates", "? bobpower", "? bobrevamp", "?bobtech", "? bobvehicleequipment", "? bobwarfare"
    ]
}