{
  "name": "angelssmelting",
  "version": "0.5.7",
  "factorio_version": "0.17",
  "title": "Angel's Smelting",
  "author": "Arch666Angel",
  "contact": "",
  "homepage": "https://forums.factorio.com/viewforum.php?f=185",
  "description": "Angel's Smelting provides alternative ways to produce plate and increase ore yield at the expense of space and energy.",
  "dependencies": [
	"base >= 0.17.0", 
	"angelspetrochem >= 0.8.1",
	"angelsrefining >= 0.10.3",
	"? bobplates >= 0.15.0"
	]
}
