{
	"name": "aai-industry",
	"version": "0.3.20",
	"title": "AAI Industry",
	"author": "Earendel",
	"dependencies": [
		"base >= 0.17.35",
		"(?) angelsrefining"
	],
	"description": "The industry part of Advanced Autonomous Industries. Adds motors, powered offshore pumps, burner labs, and more. Introduces an optional crash sequence to start the map. Alters tech and recipes, more items follow an upgrade paths, such as armour requiring the previous tier as an ingredient.",
	"factorio_version": "0.17",
	"homepage": "https://forums.factorio.com/viewtopic.php?f=190&t=48232"
}
