{
  "name": "ShinyIcons",
  "version": "0.17.4",
  "factorio_version": "0.17",
  "title": "ShinyIcons",
  "author": "Zombiee",
  "dependencies": [ "base >= 0.17.0",
					"boblibrary >= 0.17.0", 
					"? angelspetrochem >= 0.8.1",
					"? angelsrefining >= 0.10.3",
					"? angelssmelting >= 0.5.3",
					"? angelsinfiniteores >= 0.7.4",
					"? angelsaddons-petrotrain >= 0.3.1",
					"? Warehousing >= 0.2.1",
					"? ShinyBobGFX >= 0.17.2",
					"? ShinyAngelGFX >= 0.17.1",
					"? bobassembly >= 0.17.0", 
					"? bobelectronics >= 0.17.0", 
					"? bobenemies >= 0.17.1", 
					"? boblogistics >= 0.17.1", 
					"? bobmining >= 0.17.0", 
					"? bobmodules >= 0.17.1", 
					"? bobores >= 0.17.0", 
					"? bobplates >= 0.17.0", 
					"? bobpower >= 0.17.0", 
					"? bobtech >= 0.17.1", 
					"? bobwarfare >= 0.17.0", 
					"? bobgreenhouse >= 0.17.0",				
					"? bobrevamp >= 0.17.0",
					"? mini-machines >= 5.0.3",
					"? aai-industry >= 0.3.1"
					
  ],
  "description": "Sort and organize the recipes in the crafting menu so that's it's cleaner. Meant for use with Bob's, also supports Angel's and Omni."
}
